"Age","TenureMonths","MonthlyCharges","TotalCharges","ContractType","InternetService","PaymentMethod","Churn"
56,11,44.7,489.81,"One Year","None","Credit Card","Yes"
56,11,44.7,528.06,"Two Year","Fiber","Bank Transfer","Yes"
56,11,44.7,499.54,"Month-to-Month","Fiber","Bank Transfer","No"
56,11,44.7,489.81,"Month-to-Month","Fiber","Bank Transfer","No"
56,11,44.7,493.79,"Month-to-Month","Fiber","Mailed Check","No"
56,11,44.7,472.51,"Month-to-Month","Fiber","Mailed Check","No"
56,11,44.7,529.19,"Month-to-Month","Dsl","Mailed Check","No"
56,11,44.7,446.25,"Month-to-Month","Dsl","Credit Card","No"
56,11,44.7,471.14,"Month-to-Month","Dsl","Credit Card","Yes"
56,11,44.7,487.15,"Month-to-Month","Fiber","Bank Transfer","No"
56,11,44.7,489.81,"One Year","Fiber","Mailed Check","Yes"
56,11,44.7,489.81,"Two Year","Fiber","Mailed Check","Yes"
56,11,44.7,489.81,"One Year","Fiber","Mailed Check","Yes"
56,11,44.7,528.77,"Month-to-Month","Fiber","Credit Card","No"
56,11,44.7,41.62,"Two Year","Dsl","Bank Transfer","Yes"
56,11,44.7,489.81,"One Year","Fiber","Bank Transfer","Yes"
56,11,44.7,526.1,"Two Year","Dsl","Credit Card","Yes"
56,11,44.7,489.81,"Two Year","None","Credit Card","Yes"
56,11,44.7,489.81,"Month-to-Month","Fiber","Mailed Check","Yes"
56,11,44.7,499.51,"One Year","Dsl","Credit Card","Yes"
56,11,44.7,489.81,"Month-to-Month","Dsl","Credit Card","No"
56,11,44.7,0.98,"One Year","Dsl","Credit Card","Yes"
56,11,44.7,489.81,"Month-to-Month","Fiber","Mailed Check","Yes"
56,11,44.7,489.81,"Month-to-Month","Dsl","Bank Transfer","Yes"
56,11,44.7,463.97,"Month-to-Month","Dsl","Bank Transfer","No"
56,11,44.7,489.81,"Month-to-Month","None","Mailed Check","No"
56,11,44.7,458.45,"Two Year","Dsl","Credit Card","Yes"
56,11,44.7,441.86,"One Year","Fiber","Bank Transfer","Yes"
56,11,44.7,439.28,"Month-to-Month","Dsl","Credit Card","No"
56,11,44.7,487.86,"Month-to-Month","Fiber","Credit Card","No"
56,11,44.7,494.33,"Month-to-Month","Fiber","Mailed Check","No"
56,11,44.7,489.81,"Month-to-Month","Dsl","Mailed Check","No"
56,11,44.7,489.81,"Month-to-Month","Fiber","Credit Card","No"
56,11,44.7,503.58,"Month-to-Month","Fiber","Credit Card","No"
56,11,44.7,497.62,"Two Year","Dsl","Bank Transfer","Yes"
56,11,44.7,467.32,"Two Year","Fiber","Credit Card","Yes"
56,11,44.7,527.4,"Month-to-Month","Dsl","Credit Card","No"
56,11,44.7,522.11,"Month-to-Month","Fiber","Credit Card","No"
56,11,44.7,489.81,"Month-to-Month","None","Credit Card","No"
56,11,44.7,522.23,"Two Year","None","Mailed Check","Yes"
56,11,44.7,499.84,"One Year","Fiber","Credit Card","Yes"
56,11,44.7,508.24,"One Year","Dsl","Credit Card","Yes"
56,11,44.7,489.81,"Month-to-Month","Dsl","Bank Transfer","No"
56,11,44.7,501.92,"Month-to-Month","None","Mailed Check","No"
56,11,44.7,465.76,"Month-to-Month","Fiber","Credit Card","No"
56,11,44.7,489.81,"Month-to-Month","Dsl","Credit Card","No"
56,11,44.7,542.56,"One Year","Dsl","Credit Card","Yes"
56,11,44.7,508.86,"Month-to-Month","Fiber","Mailed Check","No"
56,11,44.7,489.83,"One Year","Fiber","Bank Transfer","Yes"
56,11,44.7,508.64,"Month-to-Month","Fiber","Mailed Check","No"
56,11,44.7,461.11,"Month-to-Month","Fiber","Credit Card","No"
56,11,44.7,489.81,"Two Year","Fiber","Mailed Check","No"
56,11,44.7,489.81,"Month-to-Month","Fiber","Bank Transfer","Yes"
56,11,44.7,6.76,"One Year","Fiber","Bank Transfer","No"
56,11,44.7,480.61,"Month-to-Month","Fiber","Credit Card","Yes"
56,11,44.7,478.6,"Month-to-Month","Fiber","Credit Card","Yes"
56,11,44.7,443.5,"Two Year","None","Credit Card","No"
56,11,44.7,489.81,"Month-to-Month","Fiber","Credit Card","Yes"
56,11,44.7,538.75,"Month-to-Month","Dsl","Bank Transfer","Yes"
56,11,44.7,530.41,"One Year","Fiber","Credit Card","No"
56,11,44.7,10.78,"One Year","None","Bank Transfer","No"
56,11,44.7,489.81,"One Year","Fiber","Bank Transfer","No"
56,11,44.7,508.74,"Month-to-Month","Dsl","Bank Transfer","Yes"
56,11,44.7,464.21,"Month-to-Month","Fiber","Mailed Check","Yes"
56,11,44.7,489.81,"One Year","None","Credit Card","No"
56,11,44.7,466.75,"Month-to-Month","Fiber","Bank Transfer","No"
56,11,44.7,540.15,"Two Year","Fiber","Bank Transfer","No"
56,11,44.7,489.81,"Month-to-Month","Fiber","Bank Transfer","Yes"
56,11,44.7,521.61,"Two Year","Dsl","Mailed Check","No"
56,11,44.7,506.69,"One Year","Fiber","Credit Card","No"
56,11,44.7,505.86,"Month-to-Month","Fiber","Bank Transfer","Yes"
56,11,44.7,489.81,"One Year","Fiber","Credit Card","No"
56,11,44.7,489.81,"One Year","None","Mailed Check","No"
56,11,44.7,489.81,"One Year","None","Credit Card","No"
56,11,44.7,496.33,"Month-to-Month","Fiber","Mailed Check","Yes"
56,11,44.7,489.81,"One Year","Dsl","Credit Card","No"
56,11,44.7,489.81,"Month-to-Month","None","Credit Card","No"
56,11,44.7,543.06,"One Year","Fiber","Bank Transfer","No"
56,11,44.7,489.81,"Month-to-Month","Dsl","Mailed Check","Yes"
56,11,44.7,500.25,"Two Year","Fiber","Bank Transfer","No"
56,11,44.7,524.91,"Month-to-Month","Dsl","Mailed Check","Yes"
56,11,44.7,489.81,"Month-to-Month","Fiber","Bank Transfer","Yes"
56,11,44.7,510.94,"Month-to-Month","None","Bank Transfer","Yes"
56,11,44.7,489.81,"One Year","Dsl","Credit Card","No"
56,11,44.7,543.28,"Month-to-Month","Dsl","Mailed Check","Yes"
56,11,44.7,475.21,"Month-to-Month","Dsl","Credit Card","Yes"
56,11,44.7,517.49,"One Year","None","Mailed Check","No"
56,11,44.7,489.81,"Month-to-Month","None","Mailed Check","No"
56,11,44.7,470.99,"Month-to-Month","Fiber","Mailed Check","Yes"
56,11,44.7,489.81,"Month-to-Month","Fiber","Bank Transfer","No"
56,11,44.7,491.82,"One Year","Dsl","Bank Transfer","No"
56,11,44.7,476.91,"Month-to-Month","Dsl","Mailed Check","Yes"
56,11,44.7,535.01,"Two Year","Fiber","Credit Card","No"
56,11,44.7,483.33,"Month-to-Month","None","Bank Transfer","Yes"
56,11,44.7,489.81,"Month-to-Month","Dsl","Credit Card","Yes"
56,11,44.7,483.31,"Month-to-Month","Fiber","Bank Transfer","Yes"
56,11,44.7,495.77,"Month-to-Month","Fiber","Credit Card","Yes"
56,11,44.7,496.65,"Month-to-Month","Fiber","Credit Card","Yes"
56,11,44.7,489.81,"One Year","Fiber","Credit Card","No"
56,11,44.7,459.15,"Two Year","Fiber","Bank Transfer","No"
56,11,44.7,489.81,"Month-to-Month","Fiber","Bank Transfer","No"
56,11,44.7,451.17,"Month-to-Month","Dsl","Credit Card","Yes"
56,11,44.7,489.81,"Month-to-Month","Fiber","Bank Transfer","No"
56,11,44.7,16.47,"One Year","Fiber","Credit Card","No"
56,11,44.7,489.81,"One Year","Fiber","Bank Transfer","No"
56,11,44.7,489.81,"Month-to-Month","Dsl","Bank Transfer","Yes"
56,11,44.7,484.05,"Month-to-Month","Dsl","Bank Transfer","Yes"
56,11,44.7,489.81,"Month-to-Month","Fiber","Mailed Check","Yes"
56,11,44.7,523.65,"Month-to-Month","Fiber","Credit Card","Yes"
56,11,44.7,427.49,"Month-to-Month","Fiber","Mailed Check","Yes"
56,11,44.7,504.23,"Two Year","Fiber","Bank Transfer","No"
56,11,44.7,489.81,"Month-to-Month","Fiber","Bank Transfer","Yes"
56,11,44.7,517.11,"Month-to-Month","Fiber","Bank Transfer","Yes"
56,11,44.7,553.4,"One Year","Dsl","Credit Card","No"
56,11,44.7,457.77,"Two Year","None","Bank Transfer","No"
56,11,44.7,508.37,"Month-to-Month","Fiber","Bank Transfer","Yes"
56,11,44.7,464.14,"One Year","None","Credit Card","No"
56,11,44.7,489.81,"Month-to-Month","Fiber","Credit Card","Yes"
56,11,44.7,495.06,"Month-to-Month","Fiber","Credit Card","Yes"
56,11,44.7,544.04,"Month-to-Month","None","Mailed Check","Yes"
56,11,44.7,489.81,"Two Year","Fiber","Bank Transfer","No"
56,11,44.7,489.81,"Month-to-Month","Dsl","Credit Card","Yes"
56,11,44.7,489.81,"Month-to-Month","Fiber","Credit Card","Yes"
56,11,44.7,470.41,"Month-to-Month","None","Bank Transfer","Yes"
56,11,44.7,453.94,"Two Year","Fiber","Mailed Check","No"
56,11,44.7,564.5,"Month-to-Month","Fiber","Credit Card","Yes"
56,11,44.7,489.81,"Month-to-Month","Fiber","Credit Card","Yes"
56,11,44.7,489.81,"Month-to-Month","Fiber","Mailed Check","Yes"
56,11,44.7,504.69,"Month-to-Month","Fiber","Credit Card","Yes"
56,11,44.7,522.34,"One Year","None","Credit Card","No"
56,11,44.7,554.35,"One Year","Fiber","Credit Card","No"
56,11,44.7,547.83,"Month-to-Month","Fiber","Bank Transfer","Yes"
56,11,44.7,503.39,"Month-to-Month","Fiber","Credit Card","Yes"
56,11,44.7,489.81,"Month-to-Month","Fiber","Credit Card","Yes"
56,11,44.7,522.16,"Month-to-Month","Dsl","Credit Card","Yes"
56,11,44.7,484.46,"Month-to-Month","Fiber","Credit Card","Yes"
56,11,44.7,499.26,"Two Year","Fiber","Mailed Check","No"
56,11,44.7,489.81,"Month-to-Month","Fiber","Bank Transfer","No"
56,11,44.7,464.19,"Month-to-Month","Fiber","Mailed Check","No"
56,11,44.7,461.83,"Month-to-Month","Fiber","Mailed Check","Yes"
56,11,44.7,511.23,"One Year","Fiber","Bank Transfer","No"
56,11,44.7,492.85,"Two Year","Dsl","Credit Card","No"
56,11,44.7,448.24,"Month-to-Month","Fiber","Bank Transfer","Yes"
56,11,44.7,489.81,"One Year","None","Mailed Check","No"
56,11,44.7,490.33,"Month-to-Month","Dsl","Mailed Check","Yes"
56,11,44.7,468.75,"Month-to-Month","Fiber","Credit Card","Yes"
56,11,44.7,458.81,"Two Year","Fiber","Bank Transfer","No"
56,11,44.7,489.81,"Month-to-Month","Dsl","Bank Transfer","Yes"
56,11,44.7,516.85,"Month-to-Month","Fiber","Mailed Check","Yes"
56,11,44.7,502.86,"Month-to-Month","Fiber","Credit Card","Yes"
56,11,44.7,503.37,"Month-to-Month","Fiber","Bank Transfer","Yes"
56,11,44.7,524.59,"Month-to-Month","Fiber","Mailed Check","Yes"
56,11,44.7,472.93,"Month-to-Month","None","Bank Transfer","Yes"
56,11,44.7,467.7,"One Year","None","Bank Transfer","No"
56,11,44.7,489.79,"One Year","Dsl","Credit Card","No"
56,11,44.7,490.42,"Month-to-Month","Fiber","Credit Card","Yes"
56,11,44.7,489.81,"Month-to-Month","Fiber","Credit Card","Yes"
56,11,44.7,493.44,"Month-to-Month","Fiber","Mailed Check","Yes"
56,11,44.7,506.58,"One Year","Fiber","Credit Card","No"
56,11,44.7,489.81,"One Year","None","Bank Transfer","No"
56,11,44.7,493.03,"Month-to-Month","Dsl","Bank Transfer","Yes"
56,11,44.7,489.81,"Month-to-Month","Fiber","Credit Card","Yes"
56,11,44.7,482.86,"Month-to-Month","Fiber","Bank Transfer","No"
56,11,44.7,489.81,"Month-to-Month","Fiber","Mailed Check","Yes"
56,11,44.7,532.09,"One Year","Fiber","Mailed Check","No"
56,11,44.7,472.64,"Month-to-Month","Fiber","Bank Transfer","Yes"
56,11,44.7,456.01,"One Year","Dsl","Bank Transfer","No"
56,11,44.7,489.81,"Month-to-Month","None","Credit Card","Yes"
56,11,44.7,544.55,"One Year","Dsl","Mailed Check","No"
56,11,44.7,483.21,"Month-to-Month","Fiber","Credit Card","Yes"
56,11,44.7,489.81,"One Year","Fiber","Mailed Check","No"
56,11,44.7,489.81,"Two Year","Fiber","Credit Card","No"
56,11,44.7,555,"Month-to-Month","None","Mailed Check","Yes"
56,11,44.7,469.67,"Month-to-Month","Fiber","Mailed Check","Yes"
56,11,44.7,494.16,"One Year","Dsl","Mailed Check","No"
56,11,44.7,512.84,"Month-to-Month","Dsl","Credit Card","Yes"
56,11,44.7,515.37,"One Year","Dsl","Bank Transfer","No"
56,11,44.7,503.99,"Month-to-Month","Fiber","Bank Transfer","Yes"
56,11,44.7,465.87,"Month-to-Month","Dsl","Mailed Check","Yes"
56,11,44.7,489.81,"Month-to-Month","Dsl","Credit Card","No"
56,11,44.7,477.32,"Month-to-Month","Fiber","Credit Card","Yes"
56,11,44.7,497.62,"Two Year","Fiber","Mailed Check","No"
56,11,44.7,9.34,"One Year","Fiber","Credit Card","No"
56,11,44.7,489.81,"Month-to-Month","Fiber","Mailed Check","Yes"
56,11,44.7,489.81,"Month-to-Month","None","Bank Transfer","No"
56,11,44.7,460.72,"Two Year","None","Bank Transfer","No"
56,11,44.7,503.64,"Month-to-Month","Fiber","Credit Card","Yes"
56,11,44.7,466.27,"Month-to-Month","None","Bank Transfer","Yes"
56,11,44.7,472.14,"One Year","Fiber","Mailed Check","No"
56,11,44.7,489.81,"Month-to-Month","Fiber","Bank Transfer","Yes"
56,11,44.7,517.22,"Month-to-Month","Fiber","Bank Transfer","Yes"
56,11,44.7,487,"Month-to-Month","Fiber","Bank Transfer","Yes"
56,11,44.7,498.37,"Month-to-Month","Fiber","Mailed Check","Yes"
56,11,44.7,477.32,"Month-to-Month","Dsl","Credit Card","No"
56,11,44.7,524.95,"Month-to-Month","Fiber","Mailed Check","Yes"
56,11,44.7,489.81,"Month-to-Month","Fiber","Bank Transfer","No"
56,11,44.7,17.9,"Month-to-Month","Fiber","Credit Card","No"
56,11,44.7,496.86,"Two Year","Fiber","Credit Card","No"
56,11,44.7,489.81,"Month-to-Month","Fiber","Bank Transfer","Yes"
56,11,44.7,508.3,"One Year","Dsl","Mailed Check","No"
56,11,44.7,461.3,"Month-to-Month","Fiber","Credit Card","Yes"
56,11,44.7,512.74,"Month-to-Month","None","Mailed Check","Yes"
56,11,44.7,523.04,"Month-to-Month","Dsl","Credit Card","Yes"
56,11,44.7,489.81,"Two Year","Dsl","Bank Transfer","No"
56,11,44.7,507.82,"Month-to-Month","Dsl","Credit Card","Yes"
56,11,44.7,489.81,"Month-to-Month","Fiber","Mailed Check","Yes"
56,11,44.7,489.81,"One Year","Fiber","Credit Card","No"
56,11,44.7,489.81,"Month-to-Month","Fiber","Bank Transfer","Yes"
56,11,44.7,489.81,"Month-to-Month","Dsl","Credit Card","No"
56,11,44.7,489.71,"Two Year","Fiber","Bank Transfer","No"
56,11,44.7,489.81,"Month-to-Month","Fiber","Mailed Check","Yes"
56,11,44.7,489.81,"Month-to-Month","Fiber","Mailed Check","Yes"
56,11,44.7,475.56,"Two Year","Fiber","Credit Card","No"
56,11,44.7,493.71,"Month-to-Month","None","Mailed Check","Yes"
56,11,44.7,511.82,"One Year","None","Bank Transfer","No"
56,11,44.7,482.93,"Month-to-Month","Fiber","Credit Card","Yes"
56,11,44.7,489.81,"Month-to-Month","Fiber","Bank Transfer","Yes"
56,11,44.7,505.78,"Month-to-Month","Fiber","Bank Transfer","Yes"
56,11,44.7,489.81,"Month-to-Month","Dsl","Bank Transfer","Yes"
56,11,44.7,489.81,"Two Year","Dsl","Bank Transfer","No"
56,11,44.7,445.63,"Two Year","None","Bank Transfer","No"
56,11,44.7,514.4,"Month-to-Month","Fiber","Credit Card","Yes"
56,11,44.7,18.37,"Month-to-Month","Dsl","Mailed Check","No"
56,11,44.7,461.2,"Two Year","Fiber","Bank Transfer","No"
56,11,44.7,489.81,"Two Year","Fiber","Credit Card","No"
56,11,44.7,484.38,"Month-to-Month","None","Mailed Check","Yes"
56,11,44.7,437.34,"Month-to-Month","Fiber","Mailed Check","Yes"
56,11,44.7,19.22,"Month-to-Month","Fiber","Mailed Check","No"
56,11,44.7,531.75,"Month-to-Month","None","Credit Card","Yes"
56,11,44.7,489.81,"Month-to-Month","Fiber","Credit Card","No"
56,11,44.7,489.81,"One Year","Fiber","Bank Transfer","No"
56,11,44.7,489.81,"Two Year","Dsl","Credit Card","No"
56,11,44.7,510.59,"Month-to-Month","Fiber","Mailed Check","No"
56,11,44.7,499.18,"Month-to-Month","Fiber","Credit Card","Yes"
56,11,44.7,489.81,"Two Year","Fiber","Credit Card","No"
56,11,44.7,523.05,"Month-to-Month","Fiber","Bank Transfer","Yes"
56,11,44.7,544.76,"Month-to-Month","Fiber","Credit Card","Yes"
56,11,44.7,489.81,"Month-to-Month","Fiber","Mailed Check","No"
56,11,44.7,512.81,"Month-to-Month","Dsl","Bank Transfer","Yes"
56,11,44.7,496.47,"Month-to-Month","Fiber","Credit Card","Yes"
56,11,44.7,447.58,"Month-to-Month","Fiber","Credit Card","No"
56,11,44.7,489.81,"Two Year","Fiber","Bank Transfer","No"
56,11,44.7,489.81,"Month-to-Month","None","Credit Card","Yes"
56,11,44.7,495.94,"One Year","None","Bank Transfer","No"
56,11,44.7,512.45,"Month-to-Month","Fiber","Bank Transfer","Yes"
56,11,44.7,489.81,"Two Year","Fiber","Mailed Check","No"
56,11,44.7,539.62,"Month-to-Month","Fiber","Mailed Check","Yes"
56,11,44.7,489.81,"Month-to-Month","Fiber","Mailed Check","No"
56,11,44.7,536.15,"Month-to-Month","None","Mailed Check","Yes"
56,11,44.7,489.81,"Month-to-Month","None","Credit Card","Yes"
56,11,44.7,525.09,"Month-to-Month","Fiber","Credit Card","Yes"
56,11,44.7,524.03,"Month-to-Month","Fiber","Credit Card","Yes"
56,11,44.7,489.81,"Month-to-Month","Fiber","Mailed Check","Yes"
56,11,44.7,528.63,"Month-to-Month","Dsl","Credit Card","Yes"
56,11,44.7,542.25,"One Year","Fiber","Mailed Check","No"
56,11,44.7,551.31,"Month-to-Month","Fiber","Credit Card","Yes"
56,11,44.7,475.77,"Month-to-Month","None","Mailed Check","Yes"
56,11,44.7,538.32,"One Year","Fiber","Bank Transfer","No"
56,11,44.7,517.32,"One Year","Dsl","Credit Card","No"
56,11,44.7,493.01,"Month-to-Month","Fiber","Bank Transfer","Yes"
56,11,44.7,489.81,"Two Year","Dsl","Credit Card","No"
56,11,44.7,508.44,"Month-to-Month","Fiber","Bank Transfer","Yes"
56,11,44.7,442.06,"One Year","Fiber","Credit Card","No"
56,11,44.7,507.86,"Month-to-Month","None","Bank Transfer","No"
56,11,44.7,439.53,"One Year","Dsl","Bank Transfer","No"
56,11,44.7,489.81,"One Year","Dsl","Mailed Check","No"
56,11,44.7,489.81,"Month-to-Month","Fiber","Bank Transfer","Yes"
56,11,44.7,525.09,"Month-to-Month","Fiber","Bank Transfer","Yes"
56,11,44.7,489.81,"Month-to-Month","Fiber","Mailed Check","No"
56,11,44.7,457.78,"Month-to-Month","Fiber","Mailed Check","Yes"
56,11,44.7,510.38,"One Year","Dsl","Credit Card","No"
56,11,44.7,510.59,"Month-to-Month","None","Bank Transfer","Yes"
56,11,44.7,489.81,"Two Year","None","Credit Card","No"
56,11,44.7,467.57,"One Year","Dsl","Credit Card","No"
56,11,44.7,500.36,"Two Year","Fiber","Bank Transfer","No"
56,11,44.7,493.94,"Month-to-Month","None","Mailed Check","Yes"
56,11,44.7,489.81,"Month-to-Month","None","Credit Card","No"
56,11,44.7,489.81,"Month-to-Month","Fiber","Mailed Check","Yes"
56,11,44.7,477.16,"Month-to-Month","Dsl","Mailed Check","Yes"
56,11,44.7,485.52,"Month-to-Month","Fiber","Mailed Check","No"
56,11,44.7,489.81,"One Year","Fiber","Credit Card","No"
56,11,44.7,469.3,"Month-to-Month","Fiber","Mailed Check","Yes"
56,11,44.7,439.8,"Month-to-Month","Fiber","Credit Card","Yes"
56,11,44.7,484.77,"Month-to-Month","Dsl","Bank Transfer","Yes"
56,11,44.7,489.81,"Month-to-Month","Dsl","Credit Card","Yes"
56,11,44.7,489.85,"One Year","Dsl","Credit Card","No"
56,11,44.7,506.08,"Month-to-Month","None","Mailed Check","Yes"
56,11,44.7,455.6,"Month-to-Month","Fiber","Bank Transfer","Yes"
56,11,44.7,460.44,"Month-to-Month","Fiber","Credit Card","Yes"
56,11,44.7,468.6,"Two Year","Fiber","Credit Card","No"
56,11,44.7,452.82,"One Year","Fiber","Bank Transfer","No"
56,11,44.7,489.81,"Month-to-Month","Fiber","Credit Card","Yes"
56,11,44.7,480.32,"Month-to-Month","None","Mailed Check","No"
56,11,44.7,501.66,"One Year","Dsl","Credit Card","No"
56,11,44.7,434.16,"Month-to-Month","Fiber","Credit Card","Yes"
56,11,44.7,487.2,"Month-to-Month","Fiber","Credit Card","Yes"
56,11,44.7,498.79,"Month-to-Month","Fiber","Bank Transfer","Yes"
56,11,44.7,459.81,"Month-to-Month","Dsl","Credit Card","Yes"
56,11,44.7,448.91,"Month-to-Month","Fiber","Credit Card","Yes"
56,11,44.7,515.14,"Month-to-Month","Fiber","Credit Card","Yes"
56,11,44.7,489.81,"Month-to-Month","Fiber","Bank Transfer","No"
56,11,44.7,519.16,"Two Year","Dsl","Credit Card","No"
56,11,44.7,489.81,"Month-to-Month","Dsl","Bank Transfer","Yes"
56,11,44.7,475.21,"Month-to-Month","Dsl","Mailed Check","Yes"
56,11,44.7,507.96,"Month-to-Month","Fiber","Credit Card","Yes"
56,11,44.7,540.93,"Month-to-Month","Fiber","Credit Card","Yes"
56,11,44.7,479.28,"Month-to-Month","None","Mailed Check","Yes"
56,11,44.7,515.88,"Month-to-Month","Fiber","Bank Transfer","Yes"
56,11,44.7,456.17,"Month-to-Month","None","Bank Transfer","No"
56,11,44.7,489.81,"Month-to-Month","Dsl","Credit Card","Yes"
56,11,44.7,476.72,"Month-to-Month","None","Credit Card","Yes"
56,11,44.7,529.11,"Month-to-Month","None","Bank Transfer","Yes"
56,11,44.7,489.81,"Month-to-Month","Fiber","Credit Card","Yes"
56,11,44.7,489.84,"Two Year","Dsl","Bank Transfer","No"
56,11,44.7,475.92,"Month-to-Month","Fiber","Bank Transfer","No"
56,11,44.7,432.77,"Month-to-Month","Fiber","Credit Card","Yes"
56,11,44.7,499.56,"Month-to-Month","Fiber","Mailed Check","Yes"
56,11,44.7,454.05,"Two Year","Dsl","Mailed Check","No"
56,11,44.7,489.81,"Month-to-Month","Fiber","Mailed Check","Yes"
56,11,44.7,500.57,"Month-to-Month","Fiber","Credit Card","Yes"
56,11,44.7,446.2,"Month-to-Month","Fiber","Credit Card","Yes"
56,11,44.7,498.2,"Month-to-Month","Fiber","Bank Transfer","Yes"
56,11,44.7,458.78,"Two Year","Fiber","Credit Card","No"
56,11,44.7,489.81,"Month-to-Month","Fiber","Credit Card","No"
56,11,44.7,504.96,"Month-to-Month","Fiber","Credit Card","Yes"
56,11,44.7,478.79,"One Year","Fiber","Bank Transfer","No"
56,11,44.7,493.72,"Month-to-Month","None","Credit Card","Yes"
56,11,44.7,505.05,"Month-to-Month","Fiber","Bank Transfer","Yes"
56,11,44.7,475.73,"Two Year","None","Credit Card","No"
56,11,44.7,489.81,"Month-to-Month","Fiber","Bank Transfer","Yes"
56,11,44.7,527.55,"Two Year","Dsl","Credit Card","No"
56,11,44.7,475.76,"Month-to-Month","None","Mailed Check","Yes"
56,11,44.7,14.52,"Month-to-Month","Fiber","Credit Card","No"
56,11,44.7,12.26,"One Year","Fiber","Mailed Check","No"
56,11,44.7,482.47,"Month-to-Month","Fiber","Mailed Check","Yes"
56,11,44.7,507.74,"Month-to-Month","Fiber","Credit Card","Yes"
56,11,44.7,528.57,"Month-to-Month","Dsl","Mailed Check","Yes"
56,11,44.7,429.09,"Month-to-Month","None","Credit Card","Yes"
56,11,44.7,489.81,"Month-to-Month","Fiber","Credit Card","Yes"
56,11,44.7,474.16,"One Year","Dsl","Bank Transfer","No"
56,11,44.7,472.01,"Month-to-Month","Dsl","Credit Card","Yes"
56,11,44.7,469.71,"Month-to-Month","Fiber","Credit Card","No"
56,11,44.7,489.81,"One Year","Fiber","Credit Card","No"
56,11,44.7,473.49,"Month-to-Month","Fiber","Credit Card","Yes"
56,11,44.7,505.43,"Month-to-Month","None","Credit Card","Yes"
56,11,44.7,475.91,"Month-to-Month","Dsl","Bank Transfer","No"
56,11,44.7,533.35,"Month-to-Month","Dsl","Bank Transfer","Yes"
56,11,44.7,4.24,"One Year","Fiber","Mailed Check","No"
56,11,44.7,427.78,"Month-to-Month","Dsl","Credit Card","Yes"
56,11,44.7,489.81,"Month-to-Month","Dsl","Bank Transfer","Yes"
56,11,44.7,472.18,"Month-to-Month","Dsl","Bank Transfer","Yes"
56,11,44.7,489.81,"Month-to-Month","Fiber","Mailed Check","No"
56,11,44.7,491.76,"Month-to-Month","Fiber","Credit Card","Yes"
56,11,44.7,483.08,"One Year","Fiber","Credit Card","No"
56,11,44.7,489.81,"Month-to-Month","Fiber","Credit Card","Yes"
56,11,44.7,8.62,"Month-to-Month","Fiber","Mailed Check","No"
56,11,44.7,499.18,"Month-to-Month","Dsl","Credit Card","Yes"
56,11,44.7,464.9,"One Year","Fiber","Bank Transfer","No"
56,11,44.7,528.34,"Month-to-Month","Fiber","Credit Card","Yes"
56,11,44.7,489.81,"Month-to-Month","None","Mailed Check","No"
56,11,44.7,501.45,"Month-to-Month","Dsl","Mailed Check","Yes"
56,11,44.7,478.31,"Month-to-Month","Dsl","Bank Transfer","Yes"
56,11,44.7,513.99,"Month-to-Month","Fiber","Credit Card","No"
56,11,44.7,495.12,"Month-to-Month","None","Credit Card","Yes"
56,11,44.7,489.81,"Month-to-Month","Fiber","Credit Card","Yes"
56,11,44.7,489.81,"One Year","Fiber","Credit Card","No"
56,11,44.7,46.02,"Month-to-Month","Dsl","Bank Transfer","No"
56,11,44.7,495.84,"Month-to-Month","Fiber","Bank Transfer","Yes"
56,11,44.7,506.86,"Two Year","Fiber","Mailed Check","No"
56,11,44.7,5.88,"Month-to-Month","Dsl","Credit Card","No"
56,11,44.7,456.53,"Month-to-Month","Dsl","Bank Transfer","Yes"
56,11,44.7,526.11,"Month-to-Month","None","Bank Transfer","Yes"
56,11,44.7,501.64,"Month-to-Month","Fiber","Bank Transfer","No"
56,11,44.7,507.7,"One Year","Fiber","Credit Card","No"
56,11,44.7,521.44,"Month-to-Month","Fiber","Bank Transfer","Yes"
56,11,44.7,522.85,"Month-to-Month","Fiber","Bank Transfer","Yes"
56,11,44.7,459.05,"Month-to-Month","Dsl","Mailed Check","Yes"
56,11,44.7,489.81,"One Year","None","Mailed Check","No"
56,11,44.7,453.32,"Two Year","Fiber","Credit Card","No"
56,11,44.7,489.81,"Month-to-Month","Dsl","Credit Card","No"
56,11,44.7,489.81,"Month-to-Month","Fiber","Bank Transfer","Yes"
56,11,44.7,19.21,"One Year","Dsl","Bank Transfer","No"
56,11,44.7,489.81,"One Year","Fiber","Credit Card","No"
56,11,44.7,489.81,"Month-to-Month","Fiber","Mailed Check","Yes"
56,11,44.7,485.98,"Month-to-Month","Dsl","Credit Card","Yes"
56,11,44.7,494.26,"Month-to-Month","Dsl","Mailed Check","No"
56,11,44.7,401.97,"Month-to-Month","Fiber","Credit Card","Yes"
56,11,44.7,36.18,"Month-to-Month","Dsl","Mailed Check","No"
56,11,44.7,515.02,"One Year","Fiber","Mailed Check","No"
56,11,44.7,463.23,"Month-to-Month","Dsl","Bank Transfer","Yes"
56,11,44.7,544.12,"One Year","Fiber","Bank Transfer","No"
56,11,44.7,525.77,"One Year","Dsl","Mailed Check","No"
56,11,44.7,489.81,"One Year","Dsl","Bank Transfer","No"
56,11,44.7,458.51,"Month-to-Month","Dsl","Credit Card","No"
56,11,44.7,466.62,"One Year","Fiber","Bank Transfer","No"
56,11,44.7,435.16,"Month-to-Month","Fiber","Bank Transfer","Yes"
56,11,44.7,498.58,"Two Year","Dsl","Credit Card","No"
56,11,44.7,543.08,"Month-to-Month","None","Mailed Check","Yes"
56,11,44.7,515.11,"Month-to-Month","Dsl","Bank Transfer","Yes"
56,11,44.7,442.96,"Month-to-Month","Fiber","Bank Transfer","Yes"
56,11,44.7,495.39,"Month-to-Month","Fiber","Credit Card","Yes"
56,11,44.7,461.44,"Two Year","Fiber","Bank Transfer","No"
56,11,44.7,517.27,"Month-to-Month","Fiber","Credit Card","Yes"
56,11,44.7,529.24,"Two Year","Fiber","Credit Card","No"
56,11,44.7,548.98,"One Year","None","Bank Transfer","No"
56,11,44.7,516,"Month-to-Month","None","Bank Transfer","Yes"
56,11,44.7,489.81,"Two Year","Fiber","Bank Transfer","No"
56,11,44.7,488.02,"Month-to-Month","Fiber","Credit Card","Yes"
56,11,44.7,494.5,"Month-to-Month","Dsl","Bank Transfer","Yes"
56,11,44.7,537.19,"One Year","Dsl","Credit Card","No"
56,11,44.7,489.81,"Month-to-Month","Fiber","Credit Card","Yes"
56,11,44.7,509.76,"Month-to-Month","Fiber","Bank Transfer","Yes"
56,11,44.7,439.37,"One Year","Dsl","Bank Transfer","No"
56,11,44.7,489.81,"One Year","Dsl","Credit Card","No"
56,11,44.7,17.47,"Month-to-Month","Dsl","Credit Card","No"
56,11,44.7,434.47,"Month-to-Month","None","Credit Card","No"
56,11,44.7,489.81,"One Year","Fiber","Credit Card","No"
56,11,44.7,489.81,"Month-to-Month","Dsl","Bank Transfer","Yes"
56,11,44.7,489.81,"Month-to-Month","Fiber","Bank Transfer","No"
56,11,44.7,508.4,"One Year","Fiber","Credit Card","No"
56,11,44.7,451.64,"Month-to-Month","None","Mailed Check","Yes"
56,11,44.7,524.18,"One Year","Dsl","Bank Transfer","No"
56,11,44.7,477.57,"Two Year","Fiber","Credit Card","No"
56,11,44.7,489.81,"Month-to-Month","Fiber","Credit Card","No"
56,11,44.7,34.61,"Month-to-Month","Dsl","Credit Card","No"
56,11,44.7,489.81,"Month-to-Month","Fiber","Mailed Check","Yes"
56,11,44.7,489.81,"Month-to-Month","Fiber","Bank Transfer","No"
56,11,44.7,489.81,"Month-to-Month","Fiber","Credit Card","Yes"
56,11,44.7,528.71,"Month-to-Month","Dsl","Credit Card","Yes"
56,11,44.7,489.76,"Month-to-Month","Fiber","Bank Transfer","No"
56,11,44.7,489.81,"Month-to-Month","Fiber","Bank Transfer","No"
56,11,44.7,479.36,"Month-to-Month","Fiber","Bank Transfer","Yes"
56,11,44.7,489.81,"Month-to-Month","Fiber","Credit Card","Yes"
56,11,44.7,526.32,"Month-to-Month","Fiber","Credit Card","Yes"
56,11,44.7,501.78,"Month-to-Month","Fiber","Bank Transfer","No"
56,11,44.7,489.81,"Month-to-Month","Fiber","Credit Card","Yes"
56,11,44.7,550.42,"Month-to-Month","Dsl","Credit Card","Yes"
56,11,44.7,505.31,"One Year","Fiber","Bank Transfer","No"
56,11,44.7,462.23,"One Year","Fiber","Bank Transfer","No"
56,11,44.7,489.81,"Month-to-Month","Fiber","Bank Transfer","No"
56,11,44.7,496.81,"Two Year","Fiber","Credit Card","No"
56,11,44.7,510.01,"Month-to-Month","Fiber","Mailed Check","Yes"
56,11,44.7,496.41,"Month-to-Month","Fiber","Bank Transfer","Yes"
56,11,44.7,489.81,"Month-to-Month","Fiber","Bank Transfer","Yes"
56,11,44.7,426.14,"Month-to-Month","Fiber","Credit Card","Yes"
56,11,44.7,526.02,"Month-to-Month","Fiber","Credit Card","No"
56,11,44.7,444.86,"Month-to-Month","None","Credit Card","Yes"
56,11,44.7,41.4,"Month-to-Month","Dsl","Mailed Check","No"
56,11,44.7,459.62,"Month-to-Month","Fiber","Credit Card","Yes"
56,11,44.7,489.81,"Month-to-Month","Dsl","Bank Transfer","Yes"
56,11,44.7,438.09,"Month-to-Month","Fiber","Credit Card","No"
56,11,44.7,489.81,"Month-to-Month","Fiber","Bank Transfer","Yes"
56,11,44.7,480.39,"Month-to-Month","Fiber","Bank Transfer","Yes"
56,11,44.7,481.21,"One Year","Fiber","Credit Card","No"
56,11,44.7,489.81,"Month-to-Month","Fiber","Credit Card","No"
56,11,44.7,446.27,"Month-to-Month","None","Credit Card","Yes"
56,11,44.7,501.35,"One Year","Fiber","Bank Transfer","No"
56,11,44.7,498.46,"Two Year","Dsl","Bank Transfer","No"
56,11,44.7,489.81,"One Year","None","Credit Card","No"
56,11,44.7,489.81,"Month-to-Month","Fiber","Bank Transfer","Yes"
56,11,44.7,512.48,"One Year","Fiber","Credit Card","No"
56,11,44.7,469.71,"Month-to-Month","Dsl","Credit Card","Yes"
56,11,44.7,546.24,"One Year","None","Credit Card","No"
56,11,44.7,7.02,"Two Year","Dsl","Mailed Check","No"
56,11,44.7,484.24,"Month-to-Month","Dsl","Credit Card","Yes"
56,11,44.7,489.81,"Two Year","Fiber","Credit Card","No"
56,11,44.7,458.18,"Month-to-Month","Fiber","Credit Card","Yes"
56,11,44.7,490,"Two Year","Dsl","Credit Card","No"
56,11,44.7,528.27,"Month-to-Month","Fiber","Bank Transfer","Yes"
56,11,44.7,489.81,"Month-to-Month","Fiber","Credit Card","Yes"
56,11,44.7,489.81,"Month-to-Month","None","Credit Card","Yes"
56,11,44.7,488.87,"Month-to-Month","Fiber","Bank Transfer","No"
56,11,44.7,504.29,"Month-to-Month","Dsl","Credit Card","Yes"
56,11,44.7,489.81,"Month-to-Month","Dsl","Mailed Check","Yes"
56,11,44.7,532.1,"Month-to-Month","Fiber","Bank Transfer","Yes"
56,11,44.7,477.47,"One Year","Dsl","Credit Card","No"
56,11,44.7,493.9,"One Year","Fiber","Bank Transfer","No"
56,11,44.7,481.61,"Month-to-Month","Dsl","Credit Card","No"
56,11,44.7,505.01,"Month-to-Month","None","Bank Transfer","Yes"
56,11,44.7,489.81,"Month-to-Month","Fiber","Bank Transfer","Yes"
56,11,44.7,489.81,"Month-to-Month","Fiber","Credit Card","Yes"
56,11,44.7,457.14,"Month-to-Month","Fiber","Bank Transfer","Yes"
56,11,44.7,481.87,"Two Year","Fiber","Mailed Check","No"
56,11,44.7,489.81,"Month-to-Month","Fiber","Credit Card","Yes"
56,11,44.7,481.55,"Month-to-Month","Dsl","Bank Transfer","Yes"
56,11,44.7,489.81,"Month-to-Month","Fiber","Bank Transfer","Yes"
56,11,44.7,489.81,"Month-to-Month","Fiber","Credit Card","No"
56,11,44.7,523.16,"Month-to-Month","Fiber","Credit Card","No"
56,11,44.7,541.36,"Two Year","Fiber","Bank Transfer","No"
56,11,44.7,506.44,"Month-to-Month","Dsl","Credit Card","Yes"
56,11,44.7,480.96,"Month-to-Month","Fiber","Mailed Check","Yes"
56,11,44.7,434.42,"Month-to-Month","Fiber","Credit Card","Yes"
56,11,44.7,489.81,"Month-to-Month","None","Credit Card","Yes"
56,11,44.7,531.25,"One Year","Fiber","Credit Card","No"
56,11,44.7,489.81,"Two Year","Dsl","Mailed Check","No"
56,11,44.7,489.81,"Month-to-Month","Fiber","Bank Transfer","Yes"
56,11,44.7,489.81,"Two Year","Fiber","Bank Transfer","No"
56,11,44.7,489.81,"Month-to-Month","None","Credit Card","Yes"
56,11,44.7,502.03,"One Year","Dsl","Mailed Check","No"
56,11,44.7,489.47,"Month-to-Month","None","Credit Card","Yes"
56,11,44.7,461.11,"Month-to-Month","Dsl","Mailed Check","Yes"
56,11,44.7,489.81,"Two Year","Fiber","Bank Transfer","No"
56,11,44.7,519.73,"Month-to-Month","None","Credit Card","Yes"
56,11,44.7,488.73,"Month-to-Month","Fiber","Bank Transfer","Yes"
56,11,44.7,489.81,"Month-to-Month","Dsl","Bank Transfer","Yes"
56,11,44.7,473.62,"One Year","Fiber","Credit Card","No"
56,11,44.7,510.77,"Two Year","Dsl","Mailed Check","No"
56,11,44.7,489.81,"Month-to-Month","Fiber","Bank Transfer","Yes"
56,11,44.7,489.81,"Two Year","Dsl","Credit Card","No"
56,11,44.7,489.81,"Month-to-Month","Dsl","Credit Card","Yes"
56,11,44.7,475.24,"Month-to-Month","Dsl","Bank Transfer","Yes"
56,11,44.7,489.81,"Two Year","Fiber","Bank Transfer","No"
56,11,44.7,480.46,"One Year","Fiber","Bank Transfer","No"
56,11,44.7,489.81,"Month-to-Month","Dsl","Bank Transfer","No"
56,11,44.7,499.27,"Month-to-Month","Fiber","Bank Transfer","Yes"
56,11,44.7,456.12,"One Year","Fiber","Credit Card","No"
56,11,44.7,486.54,"One Year","Fiber","Bank Transfer","No"
56,11,44.7,486.61,"Month-to-Month","None","Mailed Check","Yes"
56,11,44.7,50.94,"Month-to-Month","Dsl","Credit Card","No"
56,11,44.7,489.81,"Two Year","Fiber","Credit Card","No"
56,11,44.7,489.81,"One Year","Fiber","Credit Card","No"
56,11,44.7,465.75,"Month-to-Month","Fiber","Bank Transfer","Yes"
56,11,44.7,507.46,"Month-to-Month","Fiber","Mailed Check","Yes"
56,11,44.7,457.57,"Month-to-Month","Fiber","Credit Card","Yes"
56,11,44.7,482.32,"One Year","Fiber","Credit Card","No"
56,11,44.7,489.81,"Month-to-Month","Fiber","Mailed Check","Yes"
56,11,44.7,510,"One Year","Fiber","Credit Card","No"
56,11,44.7,489.81,"One Year","None","Bank Transfer","No"
56,11,44.7,507.2,"One Year","Fiber","Bank Transfer","No"
56,11,44.7,520.89,"Month-to-Month","Fiber","Mailed Check","Yes"
56,11,44.7,506.15,"Month-to-Month","Dsl","Credit Card","Yes"
56,11,44.7,470.82,"Month-to-Month","Fiber","Credit Card","Yes"
56,11,44.7,480.4,"Month-to-Month","Fiber","Bank Transfer","Yes"
56,11,44.7,485.51,"Month-to-Month","None","Mailed Check","Yes"
56,11,44.7,509.86,"One Year","None","Bank Transfer","No"
56,11,44.7,525.16,"Month-to-Month","Fiber","Credit Card","No"
56,11,44.7,483.29,"Month-to-Month","Fiber","Bank Transfer","Yes"
56,11,44.7,436.92,"Month-to-Month","Dsl","Mailed Check","Yes"
56,11,44.7,436.62,"Month-to-Month","Fiber","Mailed Check","Yes"
56,11,44.7,468.17,"Month-to-Month","None","Credit Card","Yes"
56,11,44.7,519.54,"Month-to-Month","None","Credit Card","Yes"
56,11,44.7,507.98,"Two Year","None","Credit Card","No"
56,11,44.7,511.6,"Month-to-Month","Dsl","Bank Transfer","Yes"
56,11,44.7,489.81,"Two Year","Fiber","Mailed Check","No"
56,11,44.7,478.11,"Two Year","None","Credit Card","No"
56,11,44.7,518.54,"Two Year","None","Credit Card","No"
56,11,44.7,540.4,"Month-to-Month","Fiber","Mailed Check","Yes"
56,11,44.7,519.22,"One Year","Fiber","Credit Card","No"
56,11,44.7,519.24,"Two Year","Fiber","Credit Card","No"
56,11,44.7,489.81,"One Year","Fiber","Bank Transfer","No"
56,11,44.7,510.26,"One Year","None","Bank Transfer","No"
56,11,44.7,489.81,"Month-to-Month","Fiber","Mailed Check","Yes"
56,11,44.7,452.21,"One Year","Fiber","Credit Card","No"
56,11,44.7,489.81,"Month-to-Month","Fiber","Bank Transfer","Yes"
56,11,44.7,523.89,"One Year","Fiber","Bank Transfer","No"
56,11,44.7,489.81,"Month-to-Month","None","Bank Transfer","Yes"
56,11,44.7,501.46,"Month-to-Month","Fiber","Bank Transfer","Yes"
56,11,44.7,515.08,"Month-to-Month","None","Credit Card","Yes"
56,11,44.7,489.81,"One Year","Dsl","Credit Card","No"
56,11,44.7,459.57,"Month-to-Month","Fiber","Credit Card","Yes"
56,11,44.7,549.04,"One Year","Fiber","Credit Card","No"
56,11,44.7,521.92,"Two Year","Fiber","Bank Transfer","No"
56,11,44.7,454.05,"Month-to-Month","Fiber","Mailed Check","Yes"
56,11,44.7,489.81,"Month-to-Month","Fiber","Mailed Check","Yes"
56,11,44.7,540.37,"Month-to-Month","Dsl","Mailed Check","Yes"
56,11,44.7,550.23,"Month-to-Month","Fiber","Credit Card","Yes"
56,11,44.7,489.81,"One Year","Dsl","Bank Transfer","No"
56,11,44.7,489.81,"Month-to-Month","Dsl","Credit Card","Yes"
56,11,44.7,510.55,"Month-to-Month","Fiber","Credit Card","Yes"
56,11,44.7,489.81,"One Year","None","Credit Card","No"
56,11,44.7,484.51,"Month-to-Month","Fiber","Bank Transfer","Yes"
56,11,44.7,498.57,"Two Year","Fiber","Credit Card","No"
56,11,44.7,435.96,"One Year","Dsl","Credit Card","No"
56,11,44.7,510.86,"Month-to-Month","Fiber","Credit Card","Yes"
56,11,44.7,489.81,"Month-to-Month","Dsl","Mailed Check","Yes"
56,11,44.7,523.44,"Month-to-Month","Dsl","Credit Card","Yes"
56,11,44.7,511.28,"Month-to-Month","Fiber","Mailed Check","Yes"
56,11,44.7,457.57,"Month-to-Month","Fiber","Mailed Check","Yes"
56,11,44.7,526.65,"Month-to-Month","Fiber","Mailed Check","Yes"
56,11,44.7,489.81,"Month-to-Month","Dsl","Bank Transfer","Yes"
56,11,44.7,454.33,"Month-to-Month","Dsl","Bank Transfer","Yes"
56,11,44.7,498.64,"One Year","Fiber","Bank Transfer","No"
56,11,44.7,511.09,"Two Year","None","Bank Transfer","No"
56,11,44.7,26.44,"Two Year","None","Bank Transfer","No"
56,11,44.7,513.33,"Month-to-Month","Fiber","Credit Card","Yes"
56,11,44.7,489.81,"Two Year","Fiber","Bank Transfer","No"
56,11,44.7,452.77,"Month-to-Month","None","Bank Transfer","Yes"
56,11,44.7,489.81,"One Year","Fiber","Mailed Check","No"
56,11,44.7,468.96,"Month-to-Month","Fiber","Mailed Check","Yes"
56,11,44.7,494.09,"Month-to-Month","Fiber","Bank Transfer","No"
56,11,44.7,16.62,"Month-to-Month","Fiber","Credit Card","No"
56,11,44.7,489.81,"Month-to-Month","Dsl","Mailed Check","Yes"
56,11,44.7,534.25,"Month-to-Month","Fiber","Bank Transfer","Yes"
56,11,44.7,444.04,"Month-to-Month","Fiber","Mailed Check","Yes"
56,11,44.7,483.21,"One Year","Dsl","Mailed Check","No"
56,11,44.7,489.81,"Two Year","Dsl","Credit Card","No"
56,11,44.7,473.13,"Two Year","Fiber","Mailed Check","No"
56,11,44.7,534.26,"Month-to-Month","Fiber","Credit Card","No"
56,11,44.7,417.07,"Month-to-Month","Dsl","Credit Card","No"
56,11,44.7,530.01,"Month-to-Month","Fiber","Bank Transfer","Yes"
56,11,44.7,501.84,"Two Year","Fiber","Credit Card","No"
56,11,44.7,541.99,"One Year","Fiber","Mailed Check","No"
56,11,44.7,463.33,"One Year","Fiber","Credit Card","No"
56,11,44.7,501.86,"Month-to-Month","None","Credit Card","Yes"
56,11,44.7,463.56,"One Year","Fiber","Bank Transfer","No"
56,11,44.7,524.72,"Month-to-Month","Fiber","Mailed Check","No"
56,11,44.7,523.54,"Month-to-Month","Fiber","Mailed Check","Yes"
56,11,44.7,544.54,"Month-to-Month","Dsl","Mailed Check","Yes"
56,11,44.7,491.69,"Month-to-Month","Fiber","Bank Transfer","Yes"
56,11,44.7,554.28,"Month-to-Month","Fiber","Credit Card","Yes"
56,11,44.7,461.26,"Two Year","None","Credit Card","No"
56,11,44.7,490.08,"Two Year","Fiber","Credit Card","No"
56,11,44.7,462.23,"Month-to-Month","Dsl","Bank Transfer","Yes"
56,11,44.7,497.58,"Month-to-Month","Fiber","Bank Transfer","Yes"
56,11,44.7,464.58,"Month-to-Month","Dsl","Bank Transfer","Yes"
56,11,44.7,33.12,"Month-to-Month","Fiber","Mailed Check","No"
56,11,44.7,489.81,"Month-to-Month","Fiber","Bank Transfer","Yes"
56,11,44.7,505.96,"One Year","None","Credit Card","No"
56,11,44.7,466.57,"Month-to-Month","Dsl","Credit Card","Yes"
56,11,44.7,489.81,"One Year","Fiber","Mailed Check","No"
56,11,44.7,459.32,"Month-to-Month","Fiber","Mailed Check","Yes"
56,11,44.7,489.81,"Month-to-Month","Fiber","Mailed Check","No"
56,11,44.7,489.81,"Month-to-Month","None","Credit Card","No"
56,11,44.7,489.81,"Month-to-Month","Fiber","Credit Card","Yes"
56,11,44.7,532.68,"Month-to-Month","Fiber","Credit Card","Yes"
56,11,44.7,506.78,"One Year","Fiber","Credit Card","No"
56,11,44.7,545.59,"One Year","Fiber","Credit Card","No"
56,11,44.7,460.91,"Two Year","Dsl","Credit Card","No"
56,11,44.7,528.6,"Month-to-Month","Dsl","Bank Transfer","Yes"
56,11,44.7,483.17,"Month-to-Month","Dsl","Credit Card","Yes"
56,11,44.7,539.42,"Month-to-Month","Fiber","Bank Transfer","Yes"
56,11,44.7,476.12,"One Year","None","Mailed Check","No"
56,11,44.7,481.47,"Month-to-Month","Dsl","Credit Card","No"
56,11,44.7,489.81,"One Year","Fiber","Bank Transfer","No"
56,11,44.7,489.81,"Month-to-Month","Fiber","Credit Card","Yes"
56,11,44.7,486.73,"Month-to-Month","Dsl","Bank Transfer","Yes"
56,11,44.7,489.81,"Month-to-Month","Fiber","Credit Card","Yes"
56,11,44.7,489.81,"Month-to-Month","Fiber","Credit Card","No"
56,11,44.7,489.81,"Month-to-Month","Fiber","Credit Card","No"
56,11,44.7,437.88,"One Year","None","Credit Card","No"
56,11,44.7,451.04,"Two Year","Fiber","Mailed Check","No"
56,11,44.7,475.92,"Month-to-Month","Fiber","Credit Card","Yes"
56,11,44.7,497.03,"Month-to-Month","Fiber","Credit Card","Yes"
56,11,44.7,503.71,"Two Year","None","Bank Transfer","No"
56,11,44.7,489.81,"Month-to-Month","Fiber","Credit Card","Yes"
56,11,44.7,495.63,"Month-to-Month","Fiber","Mailed Check","Yes"
56,11,44.7,437.8,"One Year","Dsl","Credit Card","No"
56,11,44.7,536.41,"Month-to-Month","None","Bank Transfer","Yes"
56,11,44.7,458.17,"Month-to-Month","Fiber","Mailed Check","Yes"
56,11,44.7,480.94,"Month-to-Month","Fiber","Bank Transfer","Yes"
56,11,44.7,494.12,"Two Year","Dsl","Credit Card","No"
56,11,44.7,471.27,"Two Year","Dsl","Bank Transfer","No"
56,11,44.7,436.32,"Month-to-Month","None","Bank Transfer","Yes"
56,11,44.7,519.29,"Two Year","Fiber","Bank Transfer","No"
56,11,44.7,3.72,"Month-to-Month","None","Mailed Check","No"
56,11,44.7,489.81,"Month-to-Month","Dsl","Bank Transfer","Yes"
56,11,44.7,467.95,"One Year","Dsl","Mailed Check","No"
56,11,44.7,489.48,"Month-to-Month","Dsl","Mailed Check","Yes"
56,11,44.7,489.43,"Two Year","Fiber","Bank Transfer","No"
56,11,44.7,489.81,"One Year","Fiber","Bank Transfer","No"
56,11,44.7,489.81,"Month-to-Month","Dsl","Credit Card","Yes"
56,11,44.7,15.17,"Month-to-Month","Dsl","Credit Card","No"
56,11,44.7,536.37,"Month-to-Month","Dsl","Bank Transfer","Yes"
56,11,44.7,489.81,"Month-to-Month","Fiber","Credit Card","No"
56,11,44.7,524.55,"One Year","Fiber","Credit Card","No"
56,11,44.7,504.71,"Two Year","Dsl","Bank Transfer","No"
56,11,44.7,16.79,"Month-to-Month","Fiber","Credit Card","No"
56,11,44.7,489.81,"Month-to-Month","Fiber","Credit Card","Yes"
56,11,44.7,467.29,"One Year","None","Bank Transfer","No"
56,11,44.7,512.16,"Two Year","None","Credit Card","No"
56,11,44.7,495.49,"Month-to-Month","Dsl","Bank Transfer","Yes"
56,11,44.7,471.45,"Month-to-Month","Fiber","Credit Card","Yes"
56,11,44.7,489.81,"One Year","Fiber","Credit Card","No"
56,11,44.7,479.61,"Month-to-Month","Fiber","Bank Transfer","Yes"
56,11,44.7,495.65,"Month-to-Month","Fiber","Bank Transfer","Yes"
56,11,44.7,474.01,"Two Year","Fiber","Credit Card","No"
56,11,44.7,482.9,"One Year","Dsl","Credit Card","No"
56,11,44.7,489.81,"One Year","Fiber","Bank Transfer","No"
56,11,44.7,448.22,"Two Year","Fiber","Credit Card","No"
56,11,44.7,438.42,"One Year","Fiber","Credit Card","No"
56,11,44.7,31.92,"Month-to-Month","Fiber","Credit Card","Yes"
56,11,44.7,505.03,"Month-to-Month","Fiber","Mailed Check","Yes"
56,11,44.7,524.74,"Month-to-Month","Fiber","Mailed Check","Yes"
56,11,44.7,507.37,"Month-to-Month","Fiber","Mailed Check","Yes"
56,11,44.7,488.76,"One Year","Fiber","Mailed Check","No"
56,11,44.7,17.21,"Month-to-Month","Fiber","Bank Transfer","No"
56,11,44.7,453.41,"Month-to-Month","Fiber","Bank Transfer","No"
56,11,44.7,496.07,"One Year","Fiber","Bank Transfer","No"
56,11,44.7,473.28,"Month-to-Month","Dsl","Credit Card","Yes"
56,11,44.7,512.56,"Month-to-Month","Fiber","Bank Transfer","Yes"
56,11,44.7,489.81,"Two Year","Fiber","Mailed Check","No"
56,11,44.7,457.47,"One Year","None","Bank Transfer","No"
56,11,44.7,489.81,"One Year","Fiber","Credit Card","No"
56,11,44.7,477.37,"Two Year","None","Credit Card","No"
56,11,44.7,489.81,"Two Year","Fiber","Bank Transfer","No"
56,11,44.7,454.05,"Two Year","None","Bank Transfer","No"
56,11,44.7,420.41,"Month-to-Month","Fiber","Mailed Check","Yes"
56,11,44.7,489.81,"Two Year","Fiber","Credit Card","No"
56,11,44.7,469.87,"Month-to-Month","Fiber","Mailed Check","Yes"
56,11,44.7,489.81,"Month-to-Month","None","Bank Transfer","No"
56,11,44.7,491.98,"One Year","Fiber","Mailed Check","No"
56,11,44.7,496.4,"Month-to-Month","Fiber","Bank Transfer","Yes"
56,11,44.7,522.41,"Month-to-Month","Fiber","Bank Transfer","No"
56,11,44.7,489.81,"Month-to-Month","Fiber","Bank Transfer","Yes"
56,11,44.7,489.81,"One Year","Dsl","Mailed Check","No"
56,11,44.7,489.81,"Month-to-Month","Fiber","Credit Card","Yes"
56,11,44.7,554.81,"Two Year","Dsl","Credit Card","No"
56,11,44.7,489.81,"Month-to-Month","Dsl","Credit Card","Yes"
56,11,44.7,509.59,"Month-to-Month","Dsl","Mailed Check","Yes"
56,11,44.7,478.06,"Month-to-Month","Fiber","Bank Transfer","Yes"
56,11,44.7,485.14,"Month-to-Month","Fiber","Bank Transfer","Yes"
56,11,44.7,493.27,"Month-to-Month","Fiber","Bank Transfer","Yes"
56,11,44.7,459.88,"Month-to-Month","Dsl","Credit Card","Yes"
56,11,44.7,521.03,"Two Year","Fiber","Mailed Check","No"
56,11,44.7,489.81,"One Year","Fiber","Mailed Check","No"
56,11,44.7,489.81,"Month-to-Month","Fiber","Credit Card","Yes"
56,11,44.7,428.53,"Month-to-Month","Dsl","Credit Card","Yes"
56,11,44.7,489.81,"One Year","Fiber","Mailed Check","No"
56,11,44.7,489.81,"Month-to-Month","None","Credit Card","Yes"
56,11,44.7,489.81,"Month-to-Month","Fiber","Mailed Check","Yes"
56,11,44.7,413.61,"One Year","Dsl","Credit Card","No"
56,11,44.7,537.61,"One Year","None","Bank Transfer","No"
56,11,44.7,511.65,"Two Year","Dsl","Mailed Check","No"
56,11,44.7,481.89,"Month-to-Month","None","Bank Transfer","Yes"
56,11,44.7,485.3,"Month-to-Month","Dsl","Bank Transfer","Yes"
56,11,44.7,507.04,"Month-to-Month","Fiber","Bank Transfer","Yes"
56,11,44.7,58.05,"Month-to-Month","None","Credit Card","No"
56,11,44.7,486.21,"Month-to-Month","Fiber","Credit Card","Yes"
56,11,44.7,481,"Month-to-Month","Dsl","Credit Card","Yes"
56,11,44.7,493.06,"Month-to-Month","None","Mailed Check","Yes"
56,11,44.7,493.24,"One Year","Fiber","Bank Transfer","No"
56,11,44.7,489.81,"Month-to-Month","Fiber","Credit Card","Yes"
56,11,44.7,489.81,"Month-to-Month","Dsl","Credit Card","Yes"
56,11,44.7,506.71,"Month-to-Month","None","Credit Card","Yes"
56,11,44.7,489.81,"Month-to-Month","Fiber","Bank Transfer","Yes"
56,11,44.7,475.69,"Month-to-Month","Dsl","Mailed Check","Yes"
56,11,44.7,489.81,"One Year","Dsl","Bank Transfer","No"
56,11,44.7,504.74,"Month-to-Month","Fiber","Mailed Check","Yes"
56,11,44.7,505.96,"Month-to-Month","Fiber","Credit Card","Yes"
56,11,44.7,489.81,"Month-to-Month","Fiber","Credit Card","No"
56,11,44.7,484.19,"Month-to-Month","None","Credit Card","Yes"
56,11,44.7,459.6,"Month-to-Month","None","Bank Transfer","Yes"
56,11,44.7,496.42,"One Year","Fiber","Credit Card","No"
56,11,44.7,491.89,"Month-to-Month","Fiber","Credit Card","Yes"
56,11,44.7,461.67,"Month-to-Month","Fiber","Credit Card","Yes"
56,11,44.7,483.19,"Month-to-Month","Fiber","Mailed Check","Yes"
56,11,44.7,532.74,"Month-to-Month","Fiber","Bank Transfer","Yes"
56,11,44.7,456.64,"Month-to-Month","Fiber","Credit Card","Yes"
56,11,44.7,525.98,"Month-to-Month","None","Bank Transfer","Yes"
56,11,44.7,439.72,"Month-to-Month","Fiber","Mailed Check","Yes"
56,11,44.7,568.8,"Two Year","None","Credit Card","No"
56,11,44.7,450.95,"Month-to-Month","Fiber","Mailed Check","Yes"
56,11,44.7,489.81,"Month-to-Month","Dsl","Mailed Check","Yes"
56,11,44.7,489.81,"One Year","Fiber","Credit Card","No"
56,11,44.7,486.89,"Month-to-Month","Fiber","Credit Card","Yes"
56,11,44.7,489.81,"Month-to-Month","Fiber","Bank Transfer","No"
56,11,44.7,510.15,"Month-to-Month","Fiber","Mailed Check","Yes"
56,11,44.7,545.06,"Month-to-Month","None","Bank Transfer","Yes"
56,11,44.7,483.84,"Two Year","Dsl","Bank Transfer","No"
56,11,44.7,564.95,"Month-to-Month","Fiber","Credit Card","Yes"
56,11,44.7,545.99,"One Year","Fiber","Credit Card","No"
56,11,44.7,447.47,"One Year","Fiber","Mailed Check","No"
56,11,44.7,491.65,"One Year","Fiber","Credit Card","No"
56,11,44.7,489.81,"One Year","Dsl","Bank Transfer","No"
56,11,44.7,484.86,"One Year","Fiber","Mailed Check","No"
56,11,44.7,489.81,"Month-to-Month","Fiber","Credit Card","Yes"
56,11,44.7,464.96,"Month-to-Month","Fiber","Bank Transfer","Yes"
56,11,44.7,489.84,"Month-to-Month","Fiber","Credit Card","Yes"
56,11,44.7,509.08,"Month-to-Month","Fiber","Bank Transfer","Yes"
56,11,44.7,416.37,"One Year","Fiber","Credit Card","No"
56,11,44.7,519.79,"Two Year","Dsl","Mailed Check","No"
56,11,44.7,497.24,"Month-to-Month","Fiber","Credit Card","No"
56,11,44.7,46.76,"Month-to-Month","Dsl","Bank Transfer","No"
56,11,44.7,478.54,"One Year","Fiber","Bank Transfer","No"
56,11,44.7,474.53,"One Year","Dsl","Credit Card","No"
56,11,44.7,468,"Month-to-Month","Fiber","Mailed Check","No"
56,11,44.7,507.38,"Month-to-Month","Fiber","Credit Card","No"
56,11,44.7,436.66,"One Year","Fiber","Bank Transfer","No"
56,11,44.7,469.95,"Month-to-Month","Fiber","Credit Card","Yes"
56,11,44.7,489.81,"Two Year","Dsl","Bank Transfer","No"
56,11,44.7,489.81,"Month-to-Month","Fiber","Credit Card","No"
56,11,44.7,497.7,"Two Year","Fiber","Bank Transfer","No"
56,11,44.7,489.81,"Month-to-Month","Fiber","Credit Card","Yes"
56,11,44.7,528.89,"Month-to-Month","Fiber","Mailed Check","Yes"
56,11,44.7,489.81,"One Year","None","Credit Card","No"
56,11,44.7,479.81,"Month-to-Month","Dsl","Mailed Check","Yes"
56,11,44.7,489.81,"Month-to-Month","Fiber","Mailed Check","Yes"
56,11,44.7,489.81,"Month-to-Month","Fiber","Credit Card","Yes"
56,11,44.7,488.48,"Two Year","Fiber","Bank Transfer","No"
56,11,44.7,489.81,"Month-to-Month","Fiber","Credit Card","Yes"
56,11,44.7,521.68,"Month-to-Month","Fiber","Credit Card","Yes"
56,11,44.7,462.5,"Month-to-Month","Fiber","Mailed Check","No"
56,11,44.7,521.91,"Month-to-Month","None","Bank Transfer","Yes"
56,11,44.7,489.81,"Two Year","Fiber","Bank Transfer","No"
56,11,44.7,483.4,"Month-to-Month","Fiber","Credit Card","Yes"
56,11,44.7,505.23,"Month-to-Month","Fiber","Credit Card","Yes"
56,11,44.7,489.81,"Month-to-Month","Fiber","Credit Card","Yes"
56,11,44.7,553.19,"Month-to-Month","Fiber","Mailed Check","Yes"
56,11,44.7,491.72,"One Year","Fiber","Bank Transfer","No"
56,11,44.7,489.81,"Two Year","Fiber","Mailed Check","No"
56,11,44.7,489.81,"Month-to-Month","Dsl","Credit Card","Yes"
56,11,44.7,489.81,"Two Year","Fiber","Credit Card","No"
56,11,44.7,508.49,"Month-to-Month","Fiber","Credit Card","Yes"
56,11,44.7,489.81,"Month-to-Month","Fiber","Credit Card","Yes"
56,11,44.7,497.33,"One Year","None","Credit Card","No"
56,11,44.7,462.13,"Month-to-Month","Dsl","Mailed Check","Yes"
56,11,44.7,483.18,"Two Year","Fiber","Mailed Check","No"
56,11,44.7,450.51,"Month-to-Month","Fiber","Bank Transfer","No"
56,11,44.7,502.24,"One Year","Fiber","Bank Transfer","No"
56,11,44.7,548.63,"Month-to-Month","Dsl","Credit Card","Yes"
56,11,44.7,463.26,"One Year","Dsl","Mailed Check","No"
56,11,44.7,445.42,"Month-to-Month","Fiber","Credit Card","Yes"
56,11,44.7,472.72,"Month-to-Month","None","Mailed Check","Yes"
56,11,44.7,484.62,"Month-to-Month","Fiber","Bank Transfer","Yes"
56,11,44.7,22.33,"Month-to-Month","Fiber","Credit Card","No"
56,11,44.7,481.53,"Two Year","None","Mailed Check","No"
56,11,44.7,502.8,"Month-to-Month","Fiber","Credit Card","No"
56,11,44.7,476.79,"Month-to-Month","Dsl","Bank Transfer","Yes"
56,11,44.7,489.81,"Month-to-Month","None","Bank Transfer","Yes"
56,11,44.7,486.22,"One Year","Fiber","Credit Card","No"
56,11,44.7,521.41,"Month-to-Month","Fiber","Bank Transfer","No"
56,11,44.7,474.09,"Month-to-Month","Fiber","Bank Transfer","Yes"
56,11,44.7,474.75,"One Year","Dsl","Mailed Check","No"
56,11,44.7,504.4,"Two Year","Fiber","Credit Card","No"
56,11,44.7,457.67,"Month-to-Month","Fiber","Mailed Check","Yes"
56,11,44.7,528.59,"Month-to-Month","Fiber","Credit Card","No"
56,11,44.7,489.81,"Month-to-Month","Fiber","Credit Card","No"
56,11,44.7,492.57,"Month-to-Month","Dsl","Credit Card","Yes"
56,11,44.7,487.83,"Month-to-Month","Fiber","Credit Card","Yes"
56,11,44.7,10.22,"Month-to-Month","Fiber","Credit Card","No"
56,11,44.7,516.21,"Month-to-Month","Fiber","Credit Card","No"
56,11,44.7,478.91,"Two Year","Dsl","Credit Card","No"
56,11,44.7,517.07,"Month-to-Month","Fiber","Credit Card","Yes"
56,11,44.7,489.81,"Month-to-Month","None","Credit Card","Yes"
56,11,44.7,489.81,"Month-to-Month","None","Mailed Check","Yes"
56,11,44.7,526.24,"Month-to-Month","Fiber","Mailed Check","No"
56,11,44.7,489.81,"One Year","Fiber","Credit Card","No"
56,11,44.7,35.75,"Month-to-Month","Fiber","Credit Card","No"
56,11,44.7,489.19,"Month-to-Month","None","Credit Card","Yes"
56,11,44.7,497.06,"Month-to-Month","Fiber","Credit Card","No"
56,11,44.7,489.81,"Two Year","Fiber","Credit Card","No"
56,11,44.7,489.81,"Month-to-Month","None","Bank Transfer","Yes"
56,11,44.7,528.58,"Month-to-Month","Dsl","Credit Card","Yes"
56,11,44.7,38.26,"Month-to-Month","Fiber","Bank Transfer","No"
56,11,44.7,487.15,"Month-to-Month","Fiber","Credit Card","Yes"
56,11,44.7,528.25,"One Year","Fiber","Mailed Check","No"
56,11,44.7,523.42,"Month-to-Month","Fiber","Mailed Check","Yes"
56,11,44.7,474.55,"Month-to-Month","None","Bank Transfer","Yes"
56,11,44.7,501.68,"Two Year","Dsl","Credit Card","No"
56,11,44.7,523.66,"Month-to-Month","Dsl","Credit Card","Yes"
56,11,44.7,535.28,"Two Year","Fiber","Bank Transfer","No"
56,11,44.7,489.81,"Two Year","Fiber","Mailed Check","No"
56,11,44.7,521.6,"Month-to-Month","Fiber","Bank Transfer","Yes"
56,11,44.7,489.81,"Month-to-Month","None","Mailed Check","No"
56,11,44.7,492.42,"One Year","Fiber","Mailed Check","No"
56,11,44.7,483.77,"Month-to-Month","Fiber","Credit Card","Yes"
56,11,44.7,450.65,"Month-to-Month","Dsl","Bank Transfer","Yes"
56,11,44.7,454.1,"One Year","Fiber","Credit Card","No"
56,11,44.7,489.81,"Month-to-Month","Fiber","Credit Card","No"
56,11,44.7,588.99,"Month-to-Month","Fiber","Bank Transfer","Yes"
56,11,44.7,489.81,"Two Year","Dsl","Credit Card","No"
56,11,44.7,560.94,"Month-to-Month","Fiber","Mailed Check","Yes"
56,11,44.7,498.14,"Two Year","Fiber","Credit Card","No"
56,11,44.7,489.81,"One Year","Fiber","Bank Transfer","No"
56,11,44.7,41.98,"Month-to-Month","Fiber","Bank Transfer","No"
56,11,44.7,480.24,"Month-to-Month","Dsl","Bank Transfer","Yes"
56,11,44.7,461.84,"One Year","Fiber","Credit Card","No"
56,11,44.7,546.52,"One Year","Fiber","Mailed Check","No"
56,11,44.7,489.81,"Month-to-Month","Fiber","Bank Transfer","Yes"
56,11,44.7,489.81,"Month-to-Month","Fiber","Bank Transfer","No"
56,11,44.7,489.81,"Month-to-Month","Fiber","Credit Card","Yes"
56,11,44.7,515.5,"Month-to-Month","Fiber","Bank Transfer","Yes"
56,11,44.7,488.04,"Month-to-Month","Fiber","Mailed Check","Yes"
56,11,44.7,489.81,"Month-to-Month","Fiber","Bank Transfer","Yes"
56,11,44.7,449.43,"Month-to-Month","Fiber","Mailed Check","Yes"
56,11,44.7,489.81,"Two Year","Fiber","Bank Transfer","No"
56,11,44.7,479.44,"Month-to-Month","Dsl","Credit Card","Yes"
56,11,44.7,470.26,"One Year","Fiber","Credit Card","No"
56,11,44.7,507.34,"Month-to-Month","Fiber","Credit Card","Yes"
56,11,44.7,489.81,"Month-to-Month","Fiber","Bank Transfer","No"
56,11,44.7,488.1,"Month-to-Month","Fiber","Mailed Check","Yes"
56,11,44.7,513.91,"Month-to-Month","None","Credit Card","Yes"
56,11,44.7,454.7,"Month-to-Month","Fiber","Bank Transfer","Yes"
56,11,44.7,489.81,"Two Year","Fiber","Bank Transfer","No"
56,11,44.7,447.01,"Month-to-Month","Dsl","Bank Transfer","Yes"
56,11,44.7,529.29,"Month-to-Month","Fiber","Credit Card","Yes"
56,11,44.7,478.25,"Month-to-Month","Fiber","Credit Card","Yes"
56,11,44.7,494.8,"One Year","Dsl","Credit Card","No"
56,11,44.7,61.26,"Month-to-Month","Fiber","Credit Card","No"
56,11,44.7,500.02,"One Year","Fiber","Credit Card","No"
56,11,44.7,491.03,"Month-to-Month","Fiber","Credit Card","Yes"
56,11,44.7,467.31,"Month-to-Month","Fiber","Bank Transfer","Yes"
56,11,44.7,516.4,"Two Year","Dsl","Credit Card","No"
56,11,44.7,489.81,"Month-to-Month","Fiber","Credit Card","Yes"
56,11,44.7,500.35,"Two Year","Fiber","Credit Card","No"
56,11,44.7,474.82,"Month-to-Month","Fiber","Credit Card","Yes"
56,11,44.7,489.81,"Two Year","Dsl","Credit Card","No"
56,11,44.7,511.64,"One Year","Fiber","Credit Card","No"
56,11,44.7,475.11,"Month-to-Month","Dsl","Mailed Check","Yes"
56,11,44.7,468.24,"Month-to-Month","Fiber","Credit Card","Yes"
56,11,44.7,489.81,"One Year","Dsl","Mailed Check","No"
56,11,44.7,468.91,"Two Year","Fiber","Mailed Check","No"
56,11,44.7,471.93,"Month-to-Month","Fiber","Bank Transfer","Yes"
56,11,44.7,441.77,"Month-to-Month","Fiber","Bank Transfer","Yes"
56,11,44.7,489.81,"Month-to-Month","Fiber","Bank Transfer","Yes"
56,11,44.7,489.81,"One Year","Fiber","Credit Card","No"
56,11,44.7,489.12,"Month-to-Month","None","Bank Transfer","Yes"
56,11,44.7,487.19,"Month-to-Month","Fiber","Credit Card","Yes"
56,11,44.7,481.9,"Month-to-Month","None","Credit Card","No"
56,11,44.7,505.63,"One Year","Fiber","Bank Transfer","No"
56,11,44.7,475.18,"Month-to-Month","Fiber","Bank Transfer","Yes"
56,11,44.7,489.81,"Month-to-Month","Dsl","Mailed Check","No"
56,11,44.7,506.25,"Month-to-Month","Fiber","Credit Card","Yes"
56,11,44.7,477.67,"Month-to-Month","Fiber","Mailed Check","Yes"
56,11,44.7,489.81,"One Year","Fiber","Credit Card","No"
56,11,44.7,509.28,"Month-to-Month","Fiber","Credit Card","Yes"
56,11,44.7,479.33,"Two Year","Fiber","Credit Card","No"
56,11,44.7,491.94,"Month-to-Month","Dsl","Bank Transfer","Yes"
56,11,44.7,481.93,"Two Year","Dsl","Credit Card","No"
56,11,44.7,486.77,"One Year","Fiber","Bank Transfer","No"
56,11,44.7,498.06,"Month-to-Month","Fiber","Mailed Check","Yes"
56,11,44.7,450.04,"Month-to-Month","Fiber","Bank Transfer","Yes"
56,11,44.7,443.69,"Month-to-Month","Dsl","Bank Transfer","Yes"
56,11,44.7,489.81,"Month-to-Month","Fiber","Mailed Check","Yes"
56,11,44.7,476.33,"Month-to-Month","None","Mailed Check","Yes"
56,11,44.7,489.81,"Month-to-Month","Fiber","Bank Transfer","Yes"
56,11,44.7,464.76,"Month-to-Month","Fiber","Credit Card","No"
56,11,44.7,461.88,"One Year","Fiber","Mailed Check","No"
56,11,44.7,504.31,"One Year","Fiber","Bank Transfer","No"
56,11,44.7,489.81,"One Year","Fiber","Credit Card","No"
56,11,44.7,476.59,"Month-to-Month","Fiber","Credit Card","Yes"
56,11,44.7,488.86,"Month-to-Month","Dsl","Mailed Check","Yes"
56,11,44.7,487.68,"Month-to-Month","Fiber","Credit Card","Yes"
56,11,44.7,489.81,"One Year","Fiber","Credit Card","No"
56,11,44.7,504.06,"Month-to-Month","Fiber","Credit Card","Yes"
56,11,44.7,479.7,"Two Year","None","Mailed Check","No"
56,11,44.7,489.81,"Month-to-Month","Fiber","Credit Card","Yes"
56,11,44.7,499.78,"Month-to-Month","Dsl","Bank Transfer","Yes"
56,11,44.7,527.62,"Month-to-Month","Fiber","Mailed Check","Yes"
56,11,44.7,447.42,"Month-to-Month","Fiber","Bank Transfer","Yes"
56,11,44.7,500.07,"Two Year","Fiber","Bank Transfer","No"
56,11,44.7,517.55,"Month-to-Month","Fiber","Credit Card","Yes"
56,11,44.7,489.81,"One Year","Fiber","Credit Card","No"
56,11,44.7,522.78,"Month-to-Month","Fiber","Credit Card","No"
56,11,44.7,449.01,"Month-to-Month","Fiber","Bank Transfer","No"
56,11,44.7,528.83,"One Year","Fiber","Credit Card","Yes"
56,11,44.7,503.09,"Month-to-Month","Dsl","Credit Card","Yes"
56,11,44.7,489.81,"One Year","Fiber","Bank Transfer","No"
56,11,44.7,468.26,"Month-to-Month","Fiber","Bank Transfer","Yes"
56,11,44.7,460.95,"Month-to-Month","Fiber","Mailed Check","No"
56,11,44.7,462.14,"Month-to-Month","Fiber","Credit Card","Yes"
56,11,44.7,533.85,"One Year","Dsl","Credit Card","No"
56,11,44.7,489.81,"Month-to-Month","Dsl","Mailed Check","Yes"
56,11,44.7,489.81,"Two Year","Fiber","Credit Card","No"
56,11,44.7,14.81,"Two Year","Fiber","Mailed Check","No"
56,11,44.7,489.81,"One Year","Dsl","Mailed Check","No"
56,11,44.7,458.4,"One Year","Dsl","Mailed Check","No"
56,11,44.7,489.81,"Month-to-Month","Dsl","Credit Card","Yes"
56,11,44.7,526.11,"Month-to-Month","Fiber","Mailed Check","Yes"
56,11,44.7,469.98,"Month-to-Month","Fiber","Mailed Check","Yes"
56,11,44.7,485.84,"Month-to-Month","Fiber","Bank Transfer","Yes"
56,11,44.7,489.81,"Month-to-Month","Fiber","Credit Card","No"
56,11,44.7,489.81,"Month-to-Month","Fiber","Credit Card","Yes"
56,11,44.7,491.49,"Two Year","Dsl","Credit Card","No"
56,11,44.7,485.23,"One Year","Fiber","Bank Transfer","No"
56,11,44.7,501.29,"Month-to-Month","None","Bank Transfer","Yes"
56,11,44.7,489.81,"Month-to-Month","Dsl","Credit Card","Yes"
56,11,44.7,541.31,"Month-to-Month","Fiber","Bank Transfer","Yes"
56,11,44.7,477.59,"Month-to-Month","None","Credit Card","Yes"
56,11,44.7,478.83,"Month-to-Month","Fiber","Bank Transfer","Yes"
56,11,44.7,531.48,"Month-to-Month","Dsl","Mailed Check","Yes"
56,11,44.7,472.12,"Month-to-Month","Fiber","Credit Card","Yes"
56,11,44.7,510.24,"Month-to-Month","Dsl","Credit Card","No"
56,11,44.7,536.98,"Month-to-Month","None","Credit Card","Yes"
56,11,44.7,489.81,"Month-to-Month","Fiber","Bank Transfer","No"
56,11,44.7,445.72,"Month-to-Month","Fiber","Mailed Check","Yes"
56,11,44.7,485.81,"One Year","Fiber","Mailed Check","No"
56,11,44.7,489.81,"Two Year","Fiber","Credit Card","No"
56,11,44.7,500.62,"Month-to-Month","None","Credit Card","Yes"
56,11,44.7,488.65,"Month-to-Month","Dsl","Credit Card","Yes"
56,11,44.7,512.65,"Two Year","Fiber","Bank Transfer","No"
56,11,44.7,484.11,"One Year","Fiber","Credit Card","No"
56,11,44.7,475.47,"Month-to-Month","None","Mailed Check","Yes"
56,11,44.7,489.81,"One Year","Fiber","Bank Transfer","No"
56,11,44.7,523.71,"Month-to-Month","Dsl","Bank Transfer","Yes"
56,11,44.7,533.5,"Month-to-Month","Dsl","Mailed Check","Yes"
56,11,44.7,513.02,"Two Year","None","Credit Card","No"
56,11,44.7,489.81,"Two Year","Fiber","Credit Card","No"
56,11,44.7,487.97,"Month-to-Month","Dsl","Mailed Check","Yes"
56,11,44.7,474.63,"Month-to-Month","Fiber","Credit Card","Yes"
56,11,44.7,469.44,"Month-to-Month","Fiber","Credit Card","Yes"
56,11,44.7,530.45,"Two Year","Dsl","Bank Transfer","No"
56,11,44.7,500.61,"Month-to-Month","Fiber","Bank Transfer","Yes"
56,11,44.7,489.81,"Month-to-Month","Fiber","Credit Card","Yes"
56,11,44.7,540.34,"Month-to-Month","None","Credit Card","Yes"
56,11,44.7,489.81,"Month-to-Month","Fiber","Credit Card","No"
56,11,44.7,488.94,"Month-to-Month","Dsl","Bank Transfer","Yes"
56,11,44.7,489.81,"Two Year","Dsl","Mailed Check","No"
56,11,44.7,465.18,"Two Year","Fiber","Credit Card","No"
56,11,44.7,414.05,"Month-to-Month","Dsl","Bank Transfer","Yes"
